Attrition,Age
0,37.561232765612324
1,33.607594936708864
