Department,Attrition
0,20.62780269058296
1,13.839750260145681
2,19.047619047619047
