OverTime,Attrition
0,10.436432637571158
1,30.528846153846157
