JobRole,Attrition
0,4.901960784313726
1,17.484662576687114
2,23.076923076923077
3,6.896551724137931
4,2.5
5,16.095890410958905
6,39.75903614457831
7,23.93822393822394
8,6.870229007633588
