Attrition,MonthlyIncome
0,6832.739659367397
1,4787.0928270042195
