Attrition,JobSatisfaction,EnvironmentSatisfaction
0,2.778588807785888,2.7712895377128954
1,2.4683544303797467,2.4641350210970465
